{
  "project_info": {
    "project_number": "433660602536",
    "project_id": "example-8185a",
    "storage_bucket": "example-8185a.appspot.com"
  },
  "client": [
    {
      "client_info": {
        "mobilesdk_app_id": "1:433660602536:android:a03cd19a5787c8650fba9d",
        "android_client_info": {
          "package_name": "com.example.animation2"
        }
      },
      "oauth_client": [
        {
          "client_id": "433660602536-lm7fafa6gkj0juv15p5932u1tdvgq3hm.apps.googleusercontent.com",
          "client_type": 3
        }
      ],
      "api_key": [
        {
          "current_key": "AIzaSyBozhNnjsMP6VVnL_4PQtV-PgOPgqNCdq4"
        }
      ],
      "services": {
        "appinvite_service": {
          "other_platform_oauth_client": [
            {
              "client_id": "433660602536-lm7fafa6gkj0juv15p5932u1tdvgq3hm.apps.googleusercontent.com",
              "client_type": 3
            }
          ]
        }
      }
    }
  ],
  "configuration_version": "1"
}